Unnamed: 0,rel_RA (rad),rel_Dec (rad),Proper Motion (rad/sec),Redshift,rel_rad_vel (km/s),tang_vel (km/s),angular separation,tangential seperation (kpc),total velocity (km/s),radius (kpc)
0,0.022461546424140014,0.003306682529289541,8.482874749032518e-19,0.0012273231797728,122.7164409787407,91.53445997943538,0.006512753171457833,22.794636100102416,153.09435734283485,28.4373482214459
1,-0.009888555108120117,-0.0017894979608967074,-9.725341550700674e-19,0.0004376209864909,-113.83323573053912,-104.94129800283562,0.0030502351761385778,10.675823116485022,154.82468014953054,14.520196045866452
2,0.0030840333225043023,0.00039839200814087997,-1.3966330404145606e-18,0.0009029729605121,25.58226397486834,-150.70368822593315,0.0008673021767306905,3.035557618557417,152.85958875706524,18.138116691974727
3,-0.006544183861998308,-0.0010325097909953964,-3.5087291818976285e-19,0.000388833200335,-128.45340211722674,-37.860942237266364,0.0019334978438379402,6.76724245343279,133.9168677298852,7.055071314540816
4,0.002199774744460196,0.00033732609403318265,-1.2107221650132787e-18,0.000959798351394,42.602220676185425,-130.64297521575784,0.0006447790911677622,2.256726819087168,137.4137408695634,7.2790870853543685
5,0.003116567030914837,0.00040498854503315913,1.1913036894292225e-18,0.0009812884077813,49.038524728110076,128.54762460786023,0.0008775536058359014,3.071437620425655,137.5836789006342,8.61730016706107
6,-0.022333078898607674,-0.0032027532228549103,3.1844425146032174e-19,0.0003281865083721,-146.62830475264136,34.361726953826015,0.006432755693705157,22.51464492796805,150.60075708270116,23.12461142697011
7,-0.0002260186253483402,-3.1997694815807746e-05,-8.062252346774253e-19,0.0007817647948984,-10.724420540449927,-86.99573394786758,6.489598462293908e-05,0.2271359461802868,87.65426926885297,1.8564579141622588
8,-0.0032052628465830246,-0.0004373319047676355,-6.835741641541053e-19,0.0004917272269959,-97.62013020746892,-73.76107018304873,0.0009123225191207326,3.1931288169225645,122.35352588410285,4.002151692712227
9,-0.00593047070521081,-0.0010695240051696688,-9.412405918449306e-19,0.0004807381433054,-100.91297275204425,-101.56456606302723,0.0018271557420704008,6.395045097246403,143.17398209600043,9.073204834684882
10,-0.0024002447216008205,-0.0003396569321812231,-1.4688851114674878e-18,0.0007608623327732,-16.98598768237872,-158.50004795289928,0.0006891012938629084,2.4118545285201796,159.40761894783228,22.63442048994277
11,-0.0016038979755693319,-0.0002554554490595596,4.71230351498112e-19,0.0005658504255716,-75.41030482937984,50.848111078403775,0.00047516228927142414,1.6630680124499846,90.95187999542219,2.005815553123792
12,-0.0018778853410414743,-0.00028376751323128937,7.142454074653859e-19,0.0005824735696724,-70.42967293120446,77.07065069255246,0.0005482449482798257,1.9188573189793898,104.40413798011012,2.8444920437236267
13,-0.01021532441724747,-0.0012542975237797218,-9.421969346079844e-19,0.000454699966079,-108.71537086743194,-101.66776022887456,0.002843381114337366,9.95183390018078,148.84678475801618,13.625474177833048
14,0.013155715076333273,0.0020715487415586785,1.2193520443114036e-18,0.0010968025933126,83.63282394302968,131.57418234142202,0.0038847075788295197,13.596476525903318,155.9045050647978,25.345932894004207
15,0.00013496293504112772,1.6542065302346706e-05,-4.36135118925673e-19,0.000854141606104,10.95585363831944,-47.061160007674744,3.755322015295482e-05,0.13143627053534185,48.31959757916287,0.5796853361896404
16,-0.012173834068343749,-0.0017450106832007518,-8.29341103661753e-19,0.0004240466588041,-117.90096352367871,-89.49005179062145,0.0035061076299927893,12.271376704974763,148.01725091792486,15.405942331284127
17,-0.00041646817927371173,-5.108127314159946e-05,-1.3506235668042507e-18,0.0008073155121126,-3.070594327191799,-145.73903597601267,0.00011589738695942292,0.40564085435798025,145.77137975864704,19.257127684566875
18,-0.009181596924750901,-0.0008959622088677438,-1.3448469940528477e-18,0.0006473606847359,-50.98896698778714,-145.11571489327252,0.0024623411464904156,8.618194012716454,153.8130211115665,25.997593909659656
19,0.00013927026554950644,2.0585057545511345e-05,-6.504531978053511e-19,0.0008510658697464,10.034557245983649,-70.1871523091864,4.042345829661914e-05,0.141482104038167,70.90083700772405,0.9996653915084238
20,0.02105875851092898,0.0027645552293829798,3.421150134100471e-19,0.0013137760836072,148.60143955909433,36.915920522011135,0.005942651157561688,20.79927905146591,153.1181668745502,21.43147125708843
21,-0.003794741570356037,-0.0006039583318271949,1.5976942710304115e-20,0.0004073871250205,-122.8932898486407,1.7239920031553655,0.0011239754371370038,3.9339140299795132,122.90538164884791,3.9343010983258924
22,0.026431487920941896,0.003781400401520285,-4.0967587272814305e-19,0.0013109992541502,147.77005955551425,-44.20607504673027,0.007608723239612624,26.630531338644186,154.24061583149032,27.79662920856557
23,-0.007378937146370842,-0.0010224765149379755,1.0015525899623503e-18,0.0005044638341875,-93.8036933279117,108.0725322198874,0.0021078483041475356,7.377469064516374,143.10417569859905,11.25485140045534
24,0.00022034704597681404,3.194650053306276e-05,-2.1732516311799497e-19,0.0009134722775245,28.727021295622706,-23.450471726247244,6.364153567443554e-05,0.22274537486052437,37.08323579061948,0.2875383135696492
25,0.014908843358234536,0.002252121474322324,1.1773950372260273e-18,0.0011034885589966,85.6350208981284,127.04681149187446,0.004352216423312218,15.232757481592762,153.21308401854841,27.253543321228424
26,0.00045350743732771985,6.925297819899112e-05,3.778485479071238e-19,0.0009435697755906,37.74164617977806,40.77174756191819,0.00013277648099970426,0.4647176834989649,55.55868299026118,0.6841011209341836
27,-0.00025465181156325475,-3.5954221759924987e-05,1.3907397651596532e-19,0.0007082169745058,-32.757076040623815,15.006777435955236,7.306950814023992e-05,0.2557432784908397,36.030950580625905,0.2813032951171552
28,-0.0006240000784541753,-8.61027123154908e-05,5.438723657258282e-19,0.0006887952429615,-38.57549763703176,58.68654762364549,0.00017807444018258566,0.6232605406390498,70.22948020544544,1.1346908395972517
29,0.0021936951558201327,0.0003064627899015919,-1.2820228737356025e-18,0.000937540137242,35.935706261735845,-138.33667819044018,0.0006278565968008632,2.197498088803021,142.92799416942492,8.740164774727013
30,-0.009130446445278415,-0.0011107259706697303,-1.2769576313638211e-18,0.0006539681248032,-49.00939516394851,-137.79011321231312,0.0025368563625483157,8.878997268919106,146.24649094387914,26.495372761402766
31,-0.0048829177487979165,-0.0007213846998547775,-1.2136724091536335e-18,0.0005945770735045,-66.80326925338872,-130.96132130972282,0.0014171017254745043,4.959856039160765,147.01545654158005,10.91526669468716
32,-0.0013437135391194874,-0.00018888512575644255,1.3706358615677779e-18,0.0007783449808342,-11.748855265972622,147.89846264247106,0.00038515426004112716,1.348039910143945,148.36438538971265,17.023029752401406
33,0.010855841905189777,0.0013519573989666815,-9.992766555754664e-19,0.0011681509374601,104.99829610713874,-107.8269475198707,0.0030301011383603313,10.605353984261159,150.50346440150582,15.201603978477296
34,-0.021539566517760893,-0.0031420364902962424,8.404168613211367e-20,0.0003213451083896,-148.67863877492863,9.068518142085725,0.006230792140996661,21.807772493488315,148.9549450312377,21.84830033276479
35,-0.010740444655524884,-0.001369660967961331,6.994533443586225e-19,0.0003882790224527,-128.61947591265334,75.47451312301715,0.0030123390429599196,10.543186650359718,149.12870855473167,12.224368028737654
36,-0.013379310334436557,-0.002116574087898504,-1.5227446666729343e-19,0.000326278522873,-147.20011723839332,-16.4311763257343,0.003955976088464693,13.845916309626425,148.11434120450357,13.931909913167633
37,0.0037612786374166545,0.0004755825979452295,-1.390707391056741e-18,0.0009199107805013,30.655466518946298,-150.06428103197763,0.0010530700128201953,3.685745044870684,153.1634619259391,18.41503441155831
38,0.02961633608543883,0.0034259826283789363,-3.2516698064482785e-19,0.0012947518338721,142.9055516000842,-35.08714304648014,0.008152886930382396,28.535104256338386,147.14993810834068,29.382615148401044
39,0.012568062996359609,0.0015569689567935315,-1.2727511820271684e-18,0.0010727517757926,76.43039175131861,-137.3362162966416,0.0035043576573839216,12.265251800843727,157.17137490630395,25.222250533307925
40,0.00918495631343094,0.0014968332197330292,-9.25596600621287e-19,0.0011859641644427,110.33228141145872,-99.87650119003997,0.002739477212198238,9.588170242693833,148.8238146649298,12.93318739465732
41,0.012569320903053594,0.001981272026800611,1.1112656123868046e-18,0.0011047759297142,86.02053879718238,119.91111590459815,0.003712651640184206,12.99428074064472,147.57441787939916,22.292622702392848
42,0.0020880342909558197,0.00031950287698129855,1.2362698206832227e-18,0.0009304989706517,33.826789232012345,133.39969500082316,0.0006116668781881026,2.1408340736583593,137.62169267982296,8.709818923183002
43,0.0003590643104509314,5.372161243557318e-05,-1.0498243532082013e-18,0.0008542004641338,10.973483759760427,-113.28129683293095,0.0001045513671321828,0.36592978496263984,113.8115528317593,3.7952429662044755
44,0.012739453255039624,0.0019352665341573197,-1.3001478823949515e-18,0.0010581003325884,72.04267934364566,-140.2924572498272,0.0037245512164915825,13.03592925772054,157.70897630828102,28.537015519032188
45,0.0002227750443736057,2.9041233496443902e-05,1.3404819834330534e-18,0.0008275031584574,2.9765627486452786,144.64470842234363,6.27709717243412e-05,0.21969840103519417,144.67533169266082,10.67840382554683
46,0.004298677799345048,0.0005297624475265029,-1.1749272105111467e-18,0.000990012135775,51.65125480988678,-126.78052065020528,0.0011973735658446132,4.190807480456146,136.89832920738286,11.107465718227454
47,0.005761960671739846,0.0007343494010436151,4.730466616330211e-20,0.0012640065296862,133.70013357395214,5.104410002351114,0.0016158405060645615,5.6554417712259655,133.79753629706622,5.659561852591671
48,0.004488601560375484,0.0006608676341685918,1.321415170715576e-18,0.0009673015430482,44.84945353755461,142.5873039960642,0.001301514652135889,4.555301282475612,149.47445515365928,15.181928062705515
49,-0.012021442961118144,-0.001386715628211297,-9.296001873038926e-19,0.0004594153356591,-107.30238474193638,-100.30850821102652,0.003307662781624991,11.576819735687469,146.88634582842653,15.847520550258148
50,0.006801820297284906,0.000961585816973972,-6.334506320548554e-19,0.0012228720975511,121.3836748676402,-68.35249045187916,0.0019523165292694748,6.833107852443161,139.30563332237222,7.841997022932733
51,-0.008330600643209996,-0.001289750866737542,2.997018040479242e-19,0.0003539456074543,-138.90855496555366,32.33932316579126,0.002448245584812265,8.568859546842928,142.62334474215547,8.798013984808556
52,-0.004850083278513212,-0.0006819258154704658,1.9969332286474064e-19,0.0004022992682763,-124.41797342026621,21.547908003719837,0.0013902743493185213,4.865960222614825,126.27012492804006,4.93839747034784
53,0.009495798033830034,0.0013752776935569058,-1.0416351701211032e-18,0.0011521337689477,100.20204058320479,-112.39764303191764,0.002741888502775928,9.596609759715749,150.57781741069502,14.421228786855457
54,-0.0007857889370118212,-9.263419869582364e-05,-1.3700812117162256e-18,0.0007954318501102,-6.630371571062938,-147.8386131502393,0.00021704949818357296,0.7596732436425053,147.98722027714578,16.955600518110106
55,0.025738984595213222,0.0037452631687351825,-1.9816584955658128e-19,0.0013333339037746,154.4569661709799,-21.3830859964029,0.00744085327531446,26.04298646360061,155.9300829393507,26.29136865709466
56,0.011983392668916773,0.001606856820419775,-1.0511162570710018e-18,0.0011471527739588,98.71049257167596,-113.42069971924644,0.0033974470779024944,11.89106477265873,150.35962379756862,18.11292780725642
57,-0.020831115007004075,-0.0029869822459929673,4.99746528843392e-19,0.0003541053647175,-138.8606778986546,53.92514919484621,0.005999946850593251,20.99981397707638,148.96378614334532,22.527700754956122
58,-0.012306603817795766,-0.0018403712491740097,-9.098506457664674e-19,0.0004362777771158,-114.23574381815808,-98.17743393143066,0.0035829469839419553,12.540314443796843,150.62740022667947,16.535235816392067
59,-0.010744052322757039,-0.0013205305668594085,1.201122313832554e-18,0.0005430317780752,-82.24737039863388,129.60710327410172,0.0029911290225089733,10.468951578781407,153.50124154740166,19.538582902454333
60,0.009789659656844677,0.0016978796779263338,-9.50800637853033e-19,0.001186052530721,110.35874153605874,-102.59614282753152,0.0029770778479213623,10.419772467724767,150.681851450365,14.226970924775358
61,0.005447109111610963,0.0008015053467516647,1.3370778169106601e-18,0.0009725933548354,46.434360033417136,144.27738183374476,0.001579196896632597,5.52718913821409,151.5655392908071,18.04119625839195
62,0.007850096044278639,0.0012745706410015574,1.1892846316155005e-18,0.0011090237022142,87.29257937594139,128.32975817447056,0.002338766883365258,8.185684091778404,155.2047719859899,14.554011831204537
63,-0.006425292348985206,-0.000980325640833937,1.247467256267375e-18,0.0005696072487701,-74.28467698260982,134.6079542875311,0.0018807334763146504,6.582567167101276,153.74496607006276,13.62375939248971
64,-0.0005585873262504854,-6.922471194495128e-05,-1.0889319677337632e-18,0.0007696889548052,-14.341858004161566,-117.50120397831171,0.0001557623335250724,0.5451681673377534,118.37323104217587,4.4996483308080375
65,0.013575385275265207,0.002134723832617796,8.343612967637959e-19,0.0012335524265776,124.58162437384459,90.0317557272974,0.004007080769536997,14.02478269337949,153.7084843818501,17.303740438599945
66,-0.01754744779958505,-0.0028514144159412984,-1.0525885226183781e-18,0.0005133318898076,-91.14647007930563,-113.5795645331361,0.005229162589430909,18.302069063008183,145.62965524732448,29.242207686589868
67,0.015913813956278423,0.002165733732872569,1.178952104635679e-19,0.0013314089821181,153.88065805568823,12.721482685071294,0.004526921046169804,15.844223661594313,154.40561209152412,15.898275218566667
68,-0.017750796490074133,-0.00257267827935723,-1.0414336587118734e-18,0.0005153476365931,-90.54247521412356,-112.37589894330469,0.005126416319596916,17.942457118589203,144.31314036225533,28.597984829498074
69,0.009337923295114762,0.0015276691010035976,3.7120480125119387e-19,0.0012616682284043,133.0000137391159,40.05485407901008,0.0027883328929273247,9.759165125245636,138.90066590875585,10.192138305106434
70,0.0284835006797455,0.0035146566218534196,-2.556114313601618e-19,0.001299426158962,144.30506136496416,-27.58175150091826,0.007935870758766781,27.775547655683734,146.91733645626877,28.27835310548553
71,0.014519368005847692,0.0022230932061833996,7.77158005201242e-19,0.0012447721456236,127.94104350077879,83.85923455124001,0.00425401993153137,14.889069760359794,152.97477514802256,17.80235674520192
72,-0.026789530553097733,-0.0033373462513453366,-2.6292177897166967e-19,0.0003112015485478,-151.71863973747512,-28.370574559938014,0.007478008102846155,26.173028359961542,154.3484212573966,26.62669276415411
73,0.0026189398574807538,0.0004174676298286982,-1.3020056198030304e-18,0.0008913917092179,22.11340717193849,-140.49291640484597,0.0007760586286565527,2.7162052002979347,142.22258026308967,17.469298562032964
74,0.0064239924410689824,0.0009615105301777565,-7.142327576170069e-20,0.001247931124259,128.88690113012706,-7.706928571066313,0.00187071651957572,6.54750781851502,129.11711749774568,6.559202905088722
75,0.00013580874238648596,2.2143515055520157e-05,1.1672845843360894e-18,0.0008290792463734,3.448670652268703,125.95584307278573,4.051210223714285e-05,0.14179235783,126.00304652445529,5.180624902152487
76,-0.012697862008010933,-0.002031376858438153,5.382796569309111e-19,0.0003808485071672,-130.84623169542573,58.08306638112996,0.0037666298584225753,13.183204504479013,143.15857972586826,14.4237155983978
77,-0.008056650542217648,-0.0014198656698265774,-3.824153896114449e-19,0.0003387276697028,-143.4691978650054,-41.26453261602296,0.002462993866028975,8.620478531101412,149.28553978214666,8.969958777540368
78,0.0032791286640877384,0.0004640995416157046,-4.2063019995769796e-19,0.0011464871706972,98.51117857324766,-45.388101726435394,0.0009414612613383044,3.295114414684065,108.4644277273408,3.628042060415236
79,-0.001090820795251578,-0.00013539609004954627,-1.0295897287301053e-18,0.0007153682655129,-30.614698945368957,-111.09787967862201,0.000304270449254447,1.0649465723905644,115.23887651570172,4.00863803268267
80,0.001194965389106423,0.00019632114796462098,7.041366654074146e-19,0.0010046489461559,56.03488388382374,75.97986688078707,0.0003572740038023533,1.2504590133082367,94.407883055896,2.106780278859022
81,-0.022139102119279542,-0.002400298210872018,3.907968014447114e-19,0.0003254116564359,-147.45991257770032,42.16892885989158,0.0060287524759421235,21.10063366579743,153.37093720328377,21.946466021409485
82,0.0007679796188057449,0.00010500103097730127,-6.698496012526877e-20,0.0010274967973971,62.87753766814643,-7.228012122317127,0.00021869594909366933,0.7654358218278426,63.29161794779414,0.7704766025407841
83,-0.011388746840583256,-0.0014972931133095816,1.3166599965101288e-18,0.0006040502383681,-63.964987914104995,142.07419692342546,0.0032148575009466177,11.252001253313162,155.8094897953519,27.408253040078993
84,-0.012289987097320735,-0.0017720398061706782,-1.041567787236145e-18,0.0004412888555203,-112.73411948287117,-112.39037208171621,0.0035447375481196283,12.4065814184187,159.18724016781272,17.518826287683183
85,0.010737978243649545,0.0018703364690637015,8.260773213354393e-20,0.0013052559490054,146.05051231878917,8.913787335870058,0.003270025728535937,11.44509004987578,146.322273606071,11.466386328509994
86,-0.0001822027835214253,-2.5922272504050544e-05,-1.2686763545545527e-18,0.0008044184262836,-3.938418894175925,-136.89652203820899,5.237833441748238e-05,0.18332417046118832,136.95316312354322,6.37484881529158
87,-0.0006589887459886907,-0.00011326936962736978,-7.430145053557213e-19,0.0006883040522132,-38.722651526259625,-80.17498020040911,0.00019981964871995496,0.6993687705198424,89.0363475854672,1.6080830854312202
88,0.0033985230235265705,0.0005098679512478722,5.583139452465283e-19,0.001159138779476,102.299663017856,60.24486626182663,0.0009902906916421609,3.466017420747563,118.72095419289838,4.02238759445899
89,-0.0038545283542969163,-0.00045227235433071227,1.401557750517886e-18,0.0007096500666907,-32.3277503910831,151.23508906963247,0.0010637867331342572,3.7232535659699004,154.65165893467758,17.811549942260225
90,0.004305224857825163,0.0006208445910209142,6.411439138829232e-19,0.0011706220589691,105.73825339041463,69.1826340275368,0.0012417802481884562,4.346230868659597,126.35986341019692,5.19385483780644
91,0.0036562504746311293,0.0005070808021080245,-5.635338945286399e-19,0.0011465365194922,98.52595600788231,-60.80812488911288,0.0010446513184550498,3.6562796145926746,115.77992943423791,4.296571308940311
92,0.018281100294179578,0.0025041011029306153,1.1184944098992483e-18,0.0011556771122407,101.26308242384295,120.69113930017839,0.005208100546496216,18.228351912736755,157.54543143980112,28.359728913925068
93,-0.016560164450267218,-0.0024445870126577982,5.519104481295453e-19,0.0003503663864055,-139.98120056992784,59.55389690541858,0.004805034194420392,16.81761968047137,152.12298692051635,18.27635802715193
94,0.00403767628934841,0.0005778332427924325,-2.1918542703569036e-19,0.0012403562929461,126.61884912526438,-23.65120350428617,0.001162401744880357,4.068406107081249,128.80882105278204,4.138772369496373
95,0.0057960240383896034,0.000977218464692797,1.2445824411217104e-18,0.0009928632745279,52.50515727424994,134.29666830923816,0.0017467668148656672,6.113683852029835,144.19565409316348,16.790096206313038
96,0.0053084967724637555,0.0006452959467695147,9.663049382591377e-19,0.0011180752189736,90.0031341360268,104.26913436285224,0.0014747305340475879,5.161556869166557,137.74112143832053,7.899265268386728
97,-0.004371584369302974,-0.0006205884184438002,1.3842431209135638e-18,0.0006550165308523,-48.69529664710686,149.3667539621781,0.0012560370345847788,4.396129621046726,157.1039754581264,14.183083124039273
98,0.011207286126502755,0.0016771401873781275,1.1729566745025893e-18,0.0010980870422254,84.01746944931085,126.56788996220189,0.0032634897846453067,11.422214246258573,151.91565403917375,20.65300418078912
99,0.004845419947379847,0.0006911263138175269,-2.8167236559979514e-19,0.0012157036650644,119.23725316941164,-30.39385661004589,0.0013937984952875325,4.878294733506364,123.050026668093,5.034284848879479
100,-0.0015881051664462544,-0.00023564776858341554,-1.3231667494425262e-18,0.0007343890863233,-24.91653379392835,-142.77630809859576,0.0004614173697024688,1.6149607939586408,144.93414991149987,9.393881659006391
101,-0.009608835149020674,-0.0016841468482845215,-8.888699016651923e-19,0.0004523649893701,-109.41506179788004,-95.91350673918257,0.002932178020189116,10.262623070661906,145.50277153113313,13.647482123796483
102,0.0016991899297024882,0.0002196245776348438,1.281505585081481e-18,0.0008926476282604,22.48958637015693,138.2808601582172,0.0004779093605262617,1.672682761841916,140.0977436691868,10.419892876258398
103,-0.02395872822924446,-0.002977560812756077,8.192375442933025e-19,0.0003735887535669,-133.02183008590535,88.3998272169688,0.006684639455624928,23.396238094687245,159.71642599117166,28.0913555895957
104,0.02960411413958184,0.003212318546751347,2.320012362780679e-19,0.001294860392387,142.93805448466054,25.034093400584915,0.008062632000669779,28.219212002344225,145.11372523730824,28.64873872591422
105,0.023198744718908034,0.003625778098296395,4.331688369842212e-19,0.0013095954108046,147.34974936122717,46.74108335478238,0.006835823112870429,23.9253808950465,154.58550226329498,25.100260017643535
106,-2.5033758580932806e-05,-3.9201575941183825e-06,-1.1012713136698101e-18,0.0008150163569544,-0.763811824626174,-118.83268110154086,7.3805588035228115e-06,0.02583195581232984,118.83513582389656,4.0189793854756175
107,-0.0172403115713694,-0.0022017020569478386,6.563169285805288e-19,0.0003947117768314,-126.69173966108947,70.81987817848196,0.004836771429702899,16.92870000396015,145.14217871993068,19.394069479539308
108,-0.004719372217191299,-0.0005916817685089069,6.550052069293133e-20,0.0004050104244486,-123.60551733157546,7.067833685370755,0.0013190435969649508,4.616652589377328,123.80742379926359,4.624193773921412
109,0.00784660273974269,0.0011651895532305834,1.0251413205057896e-18,0.0011558957028263,101.32853849212898,110.61787418917723,0.0022802511579873546,7.980879052955741,150.01262214588314,11.815354406360475
110,0.0013337799950399647,0.00021240734028670876,-1.0437827237966973e-18,0.0009553823663932,41.27960941092903,-112.62937481128262,0.00039512460698956094,1.3829361244634633,119.95575110639442,4.018718779307544
111,-0.01119574584477741,-0.0015616391144290052,1.1733458360400106e-18,0.00052422284968,-87.88313627115056,126.60988243789734,0.0032031469715645086,11.21101440047578,154.12173101737406,19.660893081136443
112,-0.001738062342745712,-0.000234314043929968,-9.125383401562504e-19,0.000645892064951,-51.42896342571436,-98.4674495945602,0.0004933588172252809,1.7267558602884832,111.08904945448366,3.7298762094725677
113,0.0011086511623800614,0.00015308072322617715,9.209688979545698e-19,0.0009249618519846,32.16834283509951,99.37714893378785,0.0003164320686952052,1.107512240433218,104.45391333485189,3.5962060020472655
114,-0.001033499484487216,-0.00016029323292029315,-1.0231611451520138e-18,0.000703466562228,-34.18020859846422,-110.40420336762804,0.00030388159849584494,1.0635855947354573,115.57410947558756,3.5963197125759145
115,0.00015185605290719503,1.8162527313494644e-05,9.120384278951993e-19,0.0008358085558874,5.464387524113846,98.41350656203147,4.205738340110722e-05,0.14720084190387528,98.56509425171116,2.6551676271421814
116,0.011362672176880558,0.0017890684367295082,9.061141150759357e-19,0.0012193601152796,120.33209473951223,97.77424358726884,0.0033551706988984966,11.743097446144738,155.04714035886482,15.130906529314947
117,-3.7960175749740135e-05,-5.525929973046876e-06,4.132883164745871e-19,0.0008018718390943,-4.701253368344197,44.595875789190316,1.097505593639008e-05,0.03841269577736528,44.84299187875692,0.36640020646073745
118,0.009302811428826996,0.0012014905985913693,-1.586979291867133e-21,0.0013109752463222,147.7628716254075,-0.17124300048892296,0.002616059252950504,9.156207385326763,147.76297085248348,9.156213533986948
119,-0.009228685489855235,-0.0015491013863963453,1.1928664553800674e-18,0.0005633554765911,-76.15784941264909,128.71625486778618,0.0027774422828323888,9.72104798991336,149.55899268966954,19.09022059409552
120,0.011299973613409814,0.0012998984163565027,6.492745254062708e-19,0.0012633920948632,133.51616342480781,70.05996766396365,0.0031076480168653157,10.876768059028604,150.78118239606567,12.283246511286231
121,0.002656679406201703,0.0003686592503304961,9.408213230365926e-19,0.0010340186164592,64.83071450816692,101.51932486226352,0.0007591581533680607,2.6570535367882124,120.45411933233848,4.936750215091048
122,-0.0013682030725208404,-0.00024775695094151945,1.3220720428695405e-18,0.0007566590161764,-18.24515416575659,142.65818378583776,0.0004221301767638915,1.4774556186736203,143.82017609364163,11.646266472606092
123,0.0025903989924571215,0.0003323163772055905,1.3951510046368766e-18,0.0008602894010814,12.797336305219972,150.54376915534215,0.0007274231692730036,2.545981092455513,151.08672426128592,30.058125700218646
124,0.01383977555216114,0.002164467970792347,-8.635365898006273e-19,0.0012574063779724,131.72395239375317,-93.17991572243668,0.004078830915334291,14.275908203670019,161.34960901183538,17.486661803660297
125,-0.013981633032137739,-0.002071930570013714,-8.740141142286284e-19,0.0003957561131286,-126.3787792570284,-94.31049299584014,0.004060924330109778,14.213235155384222,157.68977435336484,17.73463755276149
126,0.006987541386195671,0.0009733510892310461,-7.340497642053937e-19,0.0012268322447746,122.56944296821268,-79.207639806583,0.0019985265003306767,6.9948427511573685,145.9353231855377,8.328296293121772
127,0.003522854270072837,0.0004504118477696541,1.2990080860970343e-18,0.0009370147482334,35.77834622773321,140.16946753030047,0.0009885739943183828,3.4600089801143397,144.66364327819034,13.989956429305547
128,0.01438517619954622,0.001954030880272862,-1.1475156468279145e-18,0.0010985345683629,84.1514870554127,-123.82267587096611,0.004090323587762764,14.316132557169674,149.7114819694322,25.469418262251022
129,-0.014936127423260082,-0.002142235088891571,1.021533712933653e-18,0.000500140732953,-95.09907547296208,110.22859529410582,0.004302292315071264,15.058023102749425,145.58220144071151,23.051540109521046
130,-0.018320760616526512,-0.0027511599303907037,-8.007530504923492e-19,0.0004096732606433,-122.20820362372461,-86.40525791337693,0.005339780096129892,18.68923033645462,149.668679515839,22.888745130703285
131,-0.002847862375231321,-0.00043977586667188123,1.2400394218614947e-18,0.0006395831380054,-53.31911648876624,133.80645381596457,0.0008363502870363276,2.9272260046271463,144.03852007691026,7.907732336974762
132,-0.0031933177883091152,-0.0005636179133067813,-1.0028339219260739e-18,0.0005549415380154,-78.67887432420702,-108.210794345433,0.0009767133984073652,3.418496894425778,133.79066214722894,5.813033892285295
133,0.0010533137813262595,0.00017394070234728355,-8.551588354535639e-19,0.0009470823519719,38.793694618069196,-92.27591413961682,0.0003154133940118134,1.103946879041347,100.09892642991704,2.8485015030310152
134,-0.015380116773351422,-0.002618243456318088,-9.998939926709295e-19,0.0004523827076263,-109.40975240122864,-107.89356127915664,0.004649263178174325,16.272421123610137,153.6603868470898,22.853781037937985
135,0.011302648952722443,0.0014886149697410308,9.617994363361672e-19,0.0011776187360852,107.83334164685266,103.78296817785412,0.0031917844700381135,11.171245645133396,149.6627343547228,15.504658799078884
136,0.0008322244306373121,0.00011418022098241932,1.3857702539690559e-18,0.0008441043219264,7.949306638921115,149.53153925453097,0.00023718090424858413,0.8301331648700445,149.7426883285756,15.637385425506755
137,-0.01694026437907845,-0.0024262429924592475,2.8705051202442294e-19,0.0003135263530995,-151.02189857134647,30.974185499995354,0.004877864926493694,17.07252724272793,154.1655409470034,17.427905638891065
138,-0.005639629934974231,-0.0008932588233134636,1.1184763243690867e-18,0.0005052250630184,-93.57559787646579,120.6891877810463,0.0016680978227451462,5.838342379608012,152.716314011263,9.52823330422686
139,0.011293912175327877,0.0017615657147857559,-1.3188004529214705e-18,0.0010207768463603,60.865010243497125,-142.30516287249125,0.003326004868566403,11.64101703998241,154.77502657763387,29.602208469955293
140,-0.006936874897651208,-0.0010622764528174728,-6.807218675406785e-19,0.0004344273676792,-114.79024110456578,-73.45329311697691,0.0020325118070285498,7.113791324599924,136.27980673075842,8.445544651799352
141,-0.01818649772686979,-0.002690328202936382,8.0472532321888175e-19,0.0004061920714668,-123.25141215124822,86.83388600193342,0.00527980884093403,18.479330943269105,150.76814768204068,22.60497018323116
142,0.01828476859423892,0.002827984855770458,-7.700525530193197e-19,0.0012365502074791,125.47922652498096,-83.09252073354968,0.005372118504693196,18.802414766426185,150.49718698754097,22.551227077868475
143,0.006088030411930719,0.000756882817131993,1.2977127031017078e-18,0.0010434239605825,67.64743691262703,140.02968922818977,0.0016987199738008158,5.945519908302855,155.5136315124538,13.668062448012442
144,0.003907943885831702,0.0005994722591091008,-7.970920957458626e-19,0.0011421614230562,97.21583604342055,-86.0102225914573,0.0011455705950842749,4.009497082794962,129.80245439841752,5.353475147995747
145,-0.009893309080262178,-0.0011890987100610891,-1.1288753868124046e-18,0.00051574118399,-90.42455349789682,-121.81129861399252,0.002742527230471254,9.59884530664939,151.70561079050853,16.104018585645786
146,0.002163944528243824,0.0003264159456856303,1.4334790190133383e-18,0.0008579379764372,12.093002553960389,154.67955354663428,0.0006314603874172773,2.210111355960471,155.15155492664647,28.355423883211497
147,0.008658020151833964,0.001210853755475468,1.206528478594698e-18,0.0010826205073599,79.3857746376259,130.19045548276085,0.0024786501709537566,8.675275598338148,152.48493667777373,16.663550318848273
148,0.022910990819054577,0.003454596897362172,-6.601362452560045e-19,0.0012759001162772,137.26121298460544,-71.23200154434916,0.00668494723260723,23.397315314125304,154.64358581596386,26.36028532728257
149,-0.002738641746294399,-0.0004761920493749786,1.146459296338029e-18,0.0006460832177137,-51.37169428817171,123.70869037135502,0.0008335251378554607,2.917337982494112,133.9510770670888,7.606923819403617
150,0.01581474750814417,0.002468302230334563,-7.810879559126464e-19,0.0012541987487195,130.7635369424807,-84.28329588275412,0.0046582176279532286,16.3037616978363,155.57241580231178,19.39696381196307
151,2.9933786538948046e-05,4.489444918331613e-06,-8.422720822583297e-19,0.0008225736370959,1.4999486912904274,-90.88536903608507,8.721636045094853e-06,0.030525726157831987,90.89774557656463,1.849876403070404
152,-0.005199803401381601,-0.0007561751346060602,-1.310195206554753e-18,0.0006509985563716,-49.89906850743668,-141.37661376329064,0.0015029812483844363,5.260434369345527,149.92419403513404,15.805232576261583
153,0.002909624190726402,0.0004802696130552062,-2.0848367240951614e-19,0.0011696676285282,105.45245715685951,-22.496430671348836,0.0008711639710937896,3.0490738988282633,107.82536859835024,3.117684745228154
154,0.00021396110713754312,3.092875766379666e-05,1.1471340452057112e-18,0.0008370542927196,5.8375376554712375,123.78149914792225,6.175104604068435e-05,0.21612866114239523,123.91907188639738,4.587972648315751
155,-0.0006083469793554424,-0.00010207030132475472,-9.83153374806597e-19,0.0007439492276106,-22.052594039300914,-106.08716490850584,0.00018306143310046742,0.640715015851636,108.3549881739956,3.1481406605400073
156,-0.005652481680061912,-0.0007909250918793787,-7.321678143056905e-19,0.0004528412787181,-109.27233846981144,-79.00456800265553,0.0016184119157366002,5.664441705078101,134.84126119236373,6.989879361594964
157,-0.007549879340367324,-0.0008827484030586512,-1.3800766945185351e-18,0.0006661792634452,-45.35100429697974,-148.9171757220225,0.002082318904013749,7.288116164048121,155.6696464175608,25.016832237671927
158,-0.0027876487304668205,-0.0003398360368718111,-1.1744435489621879e-18,0.0006687867494725,-44.56982142600006,-126.72833115076487,0.0007748504676571732,2.711976636800106,134.33740692079573,8.174138853627507
159,-9.834331825852961e-05,-1.5419952626085796e-05,-1.388608760727985e-19,0.0007238037620589,-28.087620460273314,-14.98378283263532,2.90045663470846e-05,0.10151598221479609,31.83438661409924,0.11505777180045229
160,0.0014866937129168415,0.00022714283541305704,1.191282915952561e-18,0.0009068152991147,26.733125758580968,128.5453830458611,0.0004353304728233695,1.5236566548817931,131.2957558919223,7.483212177620108
161,-0.00792422790023645,-0.0012668326173633608,-6.65825463841617e-19,0.0004153645279725,-120.50270844118096,-71.84589667582968,0.0023501348224920096,8.225471878722034,140.29517315579412,9.576498457515614
162,-0.015669597247709947,-0.0023431655451348734,-8.957365836971148e-19,0.0004237961907336,-117.97602013061281,-96.65445606383716,0.004561988337718132,15.966959182013463,152.51368857533737,20.64131200124148
163,-0.006869747521636672,-0.0008779227978561484,3.219501833156103e-19,0.0003739470826849,-132.91444587062915,34.740034530670926,0.0019275864511032752,6.746552578861463,137.37947415931032,6.973191210338826
164,0.026042000877064583,0.0038862952068213726,-1.6973444422895633e-19,0.0013066468457985,146.4669481320571,-18.31519520452553,0.007577708631861203,26.52198021151421,147.60763283278604,26.72853341308043
165,-0.024520721993429417,-0.0035917715903637415,1.9795969479159e-19,0.0003142835515945,-150.7949674304815,21.360840866486516,0.0071006647540177315,24.85232663906206,152.30038648960593,25.10043283798596
166,-0.020289404507158812,-0.002766662884525971,8.097014490024793e-19,0.0004009432983618,-124.82431971106764,87.37083485461253,0.005774231589425258,20.2098105629884,152.36395103344756,24.668643050825235
167,0.022811517872429993,0.003366233977246184,8.353869716049366e-19,0.0012061123484228,116.36533062310082,90.14243117103068,0.006618308623673182,23.16408018285614,147.19561158012684,29.3012612171423
168,0.021383718225230042,0.0035680899461982955,-2.9212476281751057e-19,0.00131105770103,147.78755851753942,-31.521722531823478,0.0064237233195477625,22.48303161841717,151.1118176846153,22.98875364746273
169,-0.01665467578180544,-0.0024186898644914475,2.0744082523377712e-19,0.00031321728605,-151.11452550602493,22.383902246850717,0.004812306248969972,16.8430718713949,152.7633427845425,17.026847374324706
170,0.00677658990253809,0.0008610167228744723,-4.656019501616923e-19,0.0012292720066862,123.29996696539234,-50.24077843219741,0.0018991748268590404,6.647111894006642,133.14284686433587,7.177742401522596
171,0.014127822736210228,0.001963114871358198,9.993007883313357e-19,0.0011654702898837,104.1955958731865,107.82955156489277,0.004038372039911395,14.134302139689881,149.94643840403236,20.340478380222887
172,-0.012422610632952202,-0.0019901845183851615,-1.1002661608802732e-18,0.0005353203661564,-84.55794705305888,-118.72422008978587,0.0036865140541233773,12.902799189431821,145.75831655777253,22.241437431711393
173,-0.02121426121539655,-0.002869697209226407,-9.911021159384766e-20,0.0003007443991129,-154.85265505282916,-10.694487382034131,0.006026415675614055,21.092454864649195,155.22150893891924,21.14269639225717
174,0.0002973835912748098,4.747211227381645e-05,-2.5803784982338407e-19,0.0009333362342081,34.67658676824311,-27.843574185192256,8.815903758583025e-05,0.30855663155040586,44.4716796770911,0.3957146005245976
175,0.01617689586351033,0.002356702575235432,-7.303779135783372e-19,0.0012490453877294,129.22053186068797,-78.81142876467048,0.004677976535687776,16.372917874907216,151.35781168571313,19.177827120596866
176,0.027963428198939252,0.004000951915001098,-3.2954073855116067e-19,0.0013131534905792,148.41503602093502,-35.55909339336299,0.008049908232643298,28.174678814251546,152.61543840664794,28.972070987450117
177,0.010833460988400035,0.0014704676265808506,-1.1771000261460976e-18,0.0010576164472673,71.89776763204804,-127.01497832129465,0.0030798877944993373,10.779607280747681,145.9523679438978,21.8825877346032
178,0.011658432086127156,0.0018028013907552217,-1.1268484481911065e-18,0.0011278149603821,92.91975626879247,-121.59258180206135,0.003425106907339405,11.987874175687917,153.0321438598531,19.743165060838916
179,0.020777780865889786,0.0036226207132969896,-5.205080606307399e-19,0.0013052472812811,146.0479171921424,-56.165422282359984,0.006329471144235911,22.15314900482569,156.47539351705973,23.734831518423455
180,0.001292040058322711,0.00018255371331688726,1.3308062229284218e-19,0.0010923021763822,82.2851096479385,14.360064548509133,0.0003708009775221659,1.2978034213275806,83.52874190127977,1.3174180296104785
181,-0.016427690144679163,-0.002443222656257185,-1.0223040105743385e-18,0.0004670730398204,-105.00772626843099,-110.31171426102398,0.00477587655722734,16.71556795029569,152.30002258460613,24.243752977155005
182,0.008811323094292655,0.0015232098145061678,-8.764755287873392e-19,0.0012104848142857,117.67457903718133,-94.57609193379783,0.0026767181198632762,9.368513419521467,150.9700093298269,12.019287172507081
183,-0.0038318764546144907,-0.0005584709474571569,1.0417152867772937e-18,0.0005385369459633,-83.59415844996826,112.40628801970387,0.0011082045249068838,3.8787158371740933,140.0826788483395,6.499747291409368
184,-0.003604001925669642,-0.0005924560667243332,1.3711112059144167e-18,0.0006737835371319,-43.07282775567478,147.94975467419513,0.0010777287190639492,3.7720505167238225,154.09217500906578,13.494434859560997
185,0.002234873168782792,0.00036320237458403336,1.315661580081921e-18,0.0009140047655591,28.88651132700096,141.96646279873966,0.0006660176868113024,2.3310619038395584,144.87548825191544,11.69105288074458
186,-0.00557151084070571,-0.0008622551300188725,-1.160534903473499e-19,0.0004029995323477,-124.20812406279622,-12.52275187593079,0.0016372137830887564,5.730248240810647,124.83780436127954,5.759298067058993
187,-0.025991782677342454,-0.0034270140395357956,-4.2306475713129575e-19,0.0003281442034734,-146.6409832801889,-45.65080261825246,0.007341644953890022,25.695757338615078,153.58246565630884,26.91210656594018
188,-0.0023679061591904277,-0.0003345343900247868,1.1519456726916945e-18,0.0006618915783243,-46.635566397376635,124.30069781179729,0.0006795478919638843,2.378417621873595,132.7612124443878,6.770832469117355
189,0.017260627403594943,0.0026179757967758886,1.7931229926028046e-19,0.0013249287792318,151.94052235439096,19.348693651680563,0.0050442442319209085,17.65485481172318,153.16753663668996,17.79742875230351
190,-0.0007068389527346259,-9.489405057797339e-05,1.4378571549873265e-18,0.0007984729541907,-5.7193980848174135,155.15197630890745,0.00020045184753337089,0.7015814663667981,155.25735817349332,19.044956024436612
191,-0.01554651972642903,-0.0023117020678501397,-3.2908809490204077e-19,0.0003244907414079,-147.73590624392918,-35.51025088040471,0.004519462433738927,15.818118518086244,151.94366031955502,16.268643744860253
192,0.020783026588854527,0.0030520978049272357,6.780726940984268e-19,0.0012613863615686,132.91561878844863,73.16743405669074,0.006022269442546279,21.077943048911976,151.72354835145526,24.060530586859432
193,0.024709631715309842,0.0032424987086517756,-4.594217531722949e-19,0.0013106220519891,147.657125421802,-49.57390427605648,0.006972283321720125,24.402991626020437,155.7568575472726,25.74161781602809
194,0.004253925269906097,0.0006479050788146725,8.044020481568311e-19,0.0011406986312114,96.77780263592564,86.79900300636287,0.0012445693203109735,4.355992621088407,130.00003848436648,5.851333600840575
195,-0.008097255066720287,-0.0009522389046263944,-1.0669955819127228e-18,0.0004943633745748,-96.83022269734056,-115.13415826629235,0.0022356225762425043,7.824679016848765,150.43924497053362,12.156729279770989
196,0.012877013503139306,0.001543190029394757,-4.2811280687113368e-19,0.0012816999301596,138.99772994664994,-46.195512425429676,0.0035676804924710454,12.48688172364866,146.47318627847847,13.158440454008291
197,-0.0037843416007001993,-0.0006330845732876768,2.598599078448321e-21,0.000417963766621,-119.72380097584285,0.28040183355996606,0.0011377313982760405,3.982059893966142,119.72412933611793,3.9820708153558027
198,-0.0007991551440095609,-0.00011439089161235936,-1.367202032431153e-18,0.0007897073851927,-8.345162810779158,-147.52793530948355,0.00023007950289836052,0.8052782601442618,147.7637758011671,14.258674035192474
199,0.000234401960385196,3.159138085250979e-05,2.5490824330568004e-19,0.0009198145825446,30.626653625342954,27.505873993899403,6.653198166369767e-05,0.23286193582294185,41.1650946367794,0.3129882795136001
200,0.01057876391876162,0.001271400808165941,-4.40989584299826e-19,0.0012952017940466,143.04027158158397,-47.58498109387272,0.0029325058537763415,10.263770488217196,150.7476358681539,10.816807875742825
201,0.020223866613622937,0.0025527015156451343,1.0323686710684655e-18,0.0011450044870457,98.06719047731622,111.39774145164276,0.005660205999257523,19.81072099740133,148.41371448973732,29.98130848486227
202,0.006829635895713849,0.0010111742278217457,4.0214986073570076e-19,0.0012684447184185,135.02898432759633,43.39398072268579,0.001983185735316617,6.94115007360816,141.83040637149384,7.290776424985455
203,0.004053213104507717,0.0006002954392723628,1.3932625809844693e-18,0.0009040305732583,25.899041831735474,150.33999880112916,0.001177066350005988,4.119732225020958,152.5545004492673,24.26667734103994
204,-0.011464048535930783,-0.0015351319249566485,-7.997080745949128e-19,0.0003809547751814,-130.81438548112646,-86.29249978916407,0.0032492202692033746,11.372270942211811,156.7124722817799,13.623705743504694
205,0.008392945670035868,0.0012558414426613207,8.791484169351706e-19,0.0012154514622504,119.1617365757881,94.86450992938957,0.0024438998224206895,8.553649378472413,152.3115055007361,10.93320097371997
206,-0.023415287851667747,-0.0032676005348271737,-8.766238509123958e-19,0.0004165319160813,-120.15287986168491,-94.59209663270207,0.0066999462877427385,23.449812007099585,152.9195189778824,29.844760911061144
207,-0.0038375919097342528,-0.0005557510973929072,-5.328960669458479e-19,0.0004712527168282,-103.75527850228806,-57.50215010379171,0.0011080712964966965,3.8782495377384376,118.62400719772685,4.434025022342549
208,-0.004183637031693745,-0.0006108276107528936,-7.501383515761532e-20,0.000410594849284,-121.93203161382566,-8.09436788268248,0.001210485648745189,4.236699770608161,122.20040558400443,4.246024801306367
209,-0.0018749704232355507,-0.000331292685615322,-9.54909290252396e-19,0.0006468356562543,-51.146264713874785,-103.0394869646848,0.0005736904756146047,2.0079166646511166,115.03510884998197,4.516085649108492
210,3.3784261836421855e-05,5.034426314678799e-06,-8.175309771646415e-19,0.0008236627797146,1.8261966724140564,-88.21568009095064,9.826832189046727e-06,0.03439391266166354,88.23458056904494,1.661777454570992
211,0.011680409867501178,0.0015663234522503787,-4.3199161709046527e-19,0.0012786840521521,138.09474993342178,-46.61405544214665,0.0033115918405298584,11.590571441854504,145.749888932849,12.233082728583108
212,-0.011678429577015122,-0.0014432162730981788,-1.018013281451011e-18,0.0004672748837784,-104.94724324142916,-109.84872313497134,0.003254728582512052,11.391550038792182,151.92322349910592,16.490580877511633
213,-0.017911526918088047,-0.0030625205022177665,8.228134949188911e-19,0.000402486442278,-124.36188264583788,88.78569016922293,0.005422008588667635,18.977030060336723,152.80306487123352,23.31701879772105
214,-0.019372208446666116,-0.002570758622598202,8.642931248178602e-19,0.000417399692238,-119.89283558944408,93.26154963347119,0.005479616294714104,19.178657031499366,151.89472889377657,24.297839783537523
215,-0.024431064059861746,-0.0029906360391571164,3.0693083767941984e-19,0.0003246764247715,-147.6802578403694,33.119372039797796,0.00679622358745632,23.78678255609712,151.34844353381544,24.377615323735586
216,-0.0041742230330242235,-0.0007440981104768605,1.0595664942217076e-18,0.0005344359131773,-84.82295756150071,114.33252255899336,0.0012809908254958183,4.483467889235364,142.3617218362537,7.524781342908504
217,0.006717226150993506,0.0010201925182016334,9.41291453052039e-19,0.0011761379893,107.38994736368772,101.57005424158027,0.0019637523711874528,6.873133299156085,147.81433189448572,9.460360411537238
218,-0.006113081109372977,-0.0010616892665331623,-6.564972053422617e-19,0.0004105334592852,-121.9504283163785,-70.83933094245674,0.001859847895330074,6.509467633655259,141.03232882897126,7.528020954789186
219,-0.017911599315952913,-0.002533545547740782,1.044749259682567e-18,0.0004610638827022,-106.80839023223845,112.73366886604737,0.005141805148532803,17.996318019864812,155.29620832461347,26.16610873183413
220,0.0002658431325382022,4.231256144710029e-05,-1.4014945272719573e-18,0.0008284799974314,3.269169229411375,-151.22826696528054,7.87418431002099e-05,0.27559645085073464,151.26359838630276,12.751775124740778
221,0.00017632924346510452,2.489637544418721e-05,1.4322839205967148e-18,0.0008202702682371,0.8099832977058554,154.5505964519885,5.059596160318732e-05,0.17708586561115564,154.55271895572707,33.78971158584513
222,0.01612333192329869,0.002102591275005096,-9.153725008551432e-19,0.0011995816937802,114.40984459523548,-98.77326970477422,0.004543385149792261,15.901848024272912,151.1481767950841,21.00811643477623
223,0.012156526280140016,0.0019049394957323957,-1.187417100170127e-18,0.0011000221690473,84.59696827491746,-128.12824219385755,0.0035847240110050958,12.546534038517835,153.53661937464693,22.770939200596835
224,0.020319193224223982,0.0035018299971017837,8.298925639462197e-19,0.0012516376524407,129.99670157962555,89.54955711261684,0.006166491986999885,21.582721954499597,157.85520454089578,26.207934103543348
225,0.008030139707567413,0.0010596947872050927,1.368024675216374e-18,0.0009544580052176,41.00275752592347,147.61670257922282,0.002268625481554552,7.940189185440932,153.20547315645223,29.668259271053138
226,-0.006866639268587084,-0.0010970522102468207,-1.2227367127556994e-18,0.0005788745689281,-71.50799969070582,-131.93940498990372,0.0020360993160859213,7.126347606300724,150.07131840846807,14.95581452900832
227,-0.012574595270052747,-0.0018360361826906238,1.2394642238671041e-18,0.0005625966011275,-76.38522647328767,133.74438707637984,0.0036383578051225806,12.734252317929032,154.02033598785573,25.676873802913303
228,-0.02025357002950799,-0.0026250419136176904,4.158351188865307e-19,0.0002852031432256,-159.5104413466645,44.87068850345109,0.005699782091176097,19.94923731911634,165.7014169685384,20.72351416817359
229,-0.009302489857419856,-0.0011153811757170908,1.109633500420725e-18,0.0005060021825573,-93.34274109480887,119.73500286289833,0.0025775740905456205,9.021509316909672,151.82008505356197,14.67330288076251
230,-0.025725383351583992,-0.004039292070340666,-1.6363249728268993e-19,0.0003044409206227,-153.74480111324254,-17.65676461928866,0.007590224200012756,26.565784700044645,154.7553721399405,26.740402717206642
231,0.015844598280989646,0.0023183104699286156,1.1689799822433185e-19,0.0013327950428017,154.2956350668449,12.613878498396527,0.004586939057130431,16.05428669995651,154.8103773377395,16.107845052336007
232,-0.011403867594383662,-0.0014390785703645552,-1.2823488700760159e-18,0.0006043103171089,-63.887065376817304,-138.3718548255525,0.003191531706623538,11.170360973182383,152.40842276700295,26.647915154960018
233,0.0012809703205128849,0.00016564320157252526,9.364342080575406e-19,0.0009557146499374,41.379130323470235,101.0459332204489,0.0003603163655490863,1.2611072794218021,109.19026076861505,3.3277797677434866
234,-0.003783294246552862,-0.0005328377524945944,1.3863778719852983e-18,0.0006661406119088,-45.36258401702588,149.59710427657362,0.0010849231083208798,3.7972308791230795,156.32356711845392,13.085601031327244
235,0.022328033756891297,0.0033016586402778705,-8.311752193792764e-21,0.0013505555683819,159.61296298665422,-0.8968796204712082,0.006481481887138868,22.68518660498604,159.61548279046323,22.685544735168868
236,-0.004417792153314974,-0.0006528447944042595,-1.331739188448164e-18,0.0006725141748149,-43.45311684128612,-143.70131712949913,0.0012822043948118882,4.487715381841609,150.12741890799077,15.504736507864003
237,-0.015363783819551571,-0.0020528237750817202,-7.14252200328186e-19,0.0003776965836406,-131.7907962136112,-77.0713836764129,0.004352378844744253,15.233325956604887,152.6722376478921,17.64695280272074
238,-0.01442991375531979,-0.0016956256394733407,6.499531003631838e-19,0.0003753507139954,-132.4938054414455,70.13318929468934,0.003983477974099007,13.942172909346525,149.91088259696272,15.774952188865129
239,0.00298724233549787,0.00053983114581337,9.92157852560249e-19,0.0010174202507904,59.85975370659179,107.05879308051367,0.0009210026425411601,3.2235092488940604,122.65714528583351,6.60521331594264
240,0.02372310367612583,0.003095793838925876,-3.552844814891652e-19,0.0013064813089589,146.41738627636363,-38.33697197508837,0.006685911905785838,23.40069167025043,151.35314474506498,24.189533521770034
241,0.010014480089981915,0.0016273972546291147,-6.690158136276464e-19,0.0012344014262504,124.83583399668555,-72.19015136949119,0.0029843666692926075,10.445283342524126,144.20611431003223,12.066036453384868
242,-0.010836530138197305,-0.002026808578777209,-2.291459961618827e-19,0.0003159353381243,-150.2999303266493,-24.725998715847954,0.003381647067217185,11.835764735260147,152.32020243123284,11.994856394711304
243,0.021897879693573853,0.003363814278912633,-4.405933043018509e-19,0.0013069344760072,146.55306481578924,-47.54222050069123,0.00642159022320544,22.47556578121904,154.07161820736897,23.628620761982923
244,0.0016058267132775506,0.00024377573072825303,1.3508996767119432e-18,0.0008800132518025,18.705252739529726,145.76882961560221,0.00046939814499176165,1.6428935074711657,146.96407100904682,12.90794203395322
245,0.0013157400560882236,0.00020214282375815646,2.278086070646378e-19,0.0010594784227881,72.45538296310991,24.58168774530974,0.00038585720595350157,1.3505002208372554,76.51171082088564,1.426106358624196
246,0.013094623955795666,0.0020821015890936543,9.054728331296907e-19,0.0012110099375988,117.83181644067628,97.70504605885927,0.0038774628624275833,13.571120018496542,153.07061439438021,17.629700890650344
247,0.0011439797512304102,0.00014355910022570352,-1.298104697245339e-18,0.0008749558815681,17.190421693221992,-140.0719873562583,0.00031979782105478853,1.11929237369176,141.1228976457137,9.1887090326825
248,0.019658024134001015,0.002272134681052666,-9.344939209809016e-19,0.0011791120168711,108.28048844094837,-100.83656654344419,0.005410737865158063,18.93758252805322,147.96174278941433,25.87758658474496
249,-0.00782615400337947,-0.001247030407704136,8.670549912374209e-19,0.000434859966065,-114.66060773997611,93.55956882947389,0.0023188284170372764,8.115899459630468,147.98799913120567,10.474876645556112
250,0.0039195930738126755,0.0006957569805302674,1.3884451570051439e-18,0.0009642883825797,43.947003178156365,149.82017466664004,0.0012011380555278024,4.203983194347309,156.132712220993,14.935700976105904
251,0.019571122982547616,0.0024967755529009313,8.808732717790699e-19,0.0012088999345332,117.20001880687624,95.05063039132054,0.005489503918473548,19.21326371465742,150.89886264024514,24.737706287627265
252,0.0011808139108171367,0.00014590338461959796,1.3089352643633928e-19,0.0010643637768392,73.91841998254716,14.12406597011319,0.00032907841272011097,1.1517744445203884,75.25571109387205,1.172611709809229
253,-0.027805664247188406,-0.004552243249077608,1.7378903217271224e-19,0.000331596963081,-145.6062134432876,18.752705516596514,0.008304656112336191,29.066296393176668,146.80883269573536,29.306366420500073
254,0.0063500272027761685,0.001040005249039931,-6.403927747389136e-19,0.0012124477384496,118.2623359867996,-69.10158235820246,0.001896768750047065,6.6386906251647275,136.9708319222093,7.688897485539952
255,-0.005556914714599422,-0.0006982085167720882,4.96834493192763e-19,0.0004341767191748,-114.86535100124041,53.61092598796508,0.0015538161230633188,5.438356430721616,126.76032599329031,6.001529860980744
256,0.02323202708033085,0.003706129194127723,-6.648629191301095e-19,0.0012524277675052,130.2332755477138,-71.74203328873446,0.006885784762213457,24.1002466677471,148.68633225783947,27.515066855733693
257,-0.017042780411426536,-0.002923946671047587,6.403388618986391e-19,0.0003608216008328,-136.84792070951926,69.09576489317264,0.005164664822445245,18.07632687855836,153.3022443693877,20.249788714874654
258,0.0036343432100436213,0.0005518434455047215,1.269516711527514e-18,0.0009729654108612,46.54579112060054,136.98720075737637,0.0010624172368678031,3.718460329037311,144.67896821025616,11.558145017708888
259,-0.0069498639248367034,-0.000924269374630822,-1.3226212782532142e-18,0.0006946731363095,-36.814568479855126,-142.71744902991307,0.001966774558444502,6.883710954555758,147.3892218242697,27.55932889476494
260,-0.0037942188234649636,-0.0006201147562790979,-1.3906995041853658e-18,0.0006847507394074,-39.78717657901768,-150.06342999912187,0.0011326296317495338,3.964203711123368,155.24835729640196,15.4682027491431
261,0.0217484239317129,0.002279706797054449,-1.655206074057544e-19,0.0013255036069426,152.112622993927,-17.86050114211793,0.005891654642661961,20.620791249316863,153.15759065465926,20.762449841287278
262,0.011272627820901859,0.002066141652050199,9.534377074247156e-19,0.0012029120250052,115.40705344619295,102.88069581966393,0.003492587097194616,12.224054840181157,154.60668018384797,16.376126768602216
263,-0.010951149023401007,-0.0015528504725841469,5.545497243917756e-19,0.000355036338504,-138.58167793919233,59.83868801049454,0.0031455932934900655,11.009576527215229,150.9488325336083,11.99208111913443
264,0.015141053926707022,0.001972445562782837,1.197101820885713e-18,0.0010924889396317,82.34103869819597,129.17327198267284,0.004265641225210203,14.929744288235709,153.18544594251563,27.774965834275047
265,-0.01815590558713745,-0.002426557181621636,-1.0484263785177191e-18,0.0004709265903537,-103.85300270113768,-113.13044837395447,0.005143667969746894,18.00283789411413,153.57064992808517,26.62135368300507
266,0.006092559063858916,0.0009598993046674173,1.2895494455154038e-18,0.0010144366788185,58.96621003019533,139.14883291833965,0.001799340623305348,6.297692181568718,151.12713729790923,16.140636993568577
267,-0.004537049326617329,-0.0006535069357911577,1.153175572608656e-18,0.0005723773769585,-73.45468763219054,124.43341016233703,0.0013082626716177743,4.57891935066221,144.49659061642626,9.007433782732685
268,0.0023700071555793683,0.000282322670129868,1.285400263379964e-18,0.0009226174153196,31.466147684528153,138.70111542001501,0.0006558958103640057,2.29563533627402,142.22558795399956,10.376169612592536
269,-0.009179952037792793,-0.001564287928192542,-1.2247157274981448e-18,0.0005172186447217,-89.98185067872129,-132.1529505756873,0.0027758760303865705,9.715566106352997,159.87850323738883,17.26248299486183
270,0.02437939708347281,0.0025624624781530056,8.293806171209871e-19,0.0012117190452183,118.04414403922618,89.4943154904401,0.006607087161824975,23.12480506638741,148.1339003977685,29.0193774397121
271,-0.00452985712257334,-0.0007974032983459449,8.120737257908022e-19,0.0004778723432079,-101.77170621466604,87.62681538145651,0.0013842914411870578,4.845020044154702,134.29794845692973,6.393488685256143
272,0.011592122258748153,0.0017465115261201575,-1.2083841187110145e-18,0.0011090401869837,87.29751590468959,-130.39068832951202,0.0033816214068711267,11.835674924048943,156.91586244281828,21.274432829539535
273,0.005063897772821521,0.0006912381614521243,-1.3851902125433565e-18,0.0009575425858692,41.92660749614737,-149.46894988449085,0.001441499711770619,5.045248991197166,155.23790579529359,18.68059293090277
274,-0.00013355600338320545,-2.1855377020428325e-05,2.3102535975343954e-19,0.0007579776880928,-17.850125659548553,24.928791444194893,3.98834326240992e-05,0.1395920141843472,30.6605875503037,0.23977271946726775
275,-0.00043381002676767713,-5.5405626061162855e-05,2.3670545128528626e-19,0.000665037502022,-45.693067928520634,25.54170172093881,0.00012170782563466097,0.4259773897213134,52.34725382980285,0.4880115859233003
276,-0.00042063892383331283,-6.461612450730789e-05,8.946231818418514e-19,0.00075236212505,-19.532357776788785,96.53431443664498,0.00012335319248458357,0.4317361736960425,98.49054200314629,2.1769993277625983
277,-0.00042076144971280114,-6.175643813269941e-05,-5.659937539351971e-19,0.0007258690015146,-27.468926024764272,-61.07355601837744,0.00012190593570651984,0.42667077497281947,66.96656734284548,1.0401818097905264
278,-0.005309655657985493,-0.0007347113769894218,-1.0775309597418944e-18,0.0005369361143892,-84.07381761349069,-116.27097821094911,0.0015162427031883796,5.306849461159328,143.48291599433537,9.056829546276306
279,0.004250376414673797,0.0005824631244077384,-1.300444632179822e-18,0.0010294018601886,63.44807375417258,-140.32447803536368,0.0012110127358264124,4.238544575392443,154.00200387985927,10.287851459030566
280,-0.003073701057501472,-0.00038698230314227806,-5.218527500899215e-19,0.0004834490361127,-100.10065933384536,-56.31052099845298,0.0008598151656215263,3.009353079675342,114.85215180477802,3.4528311705554002
281,0.005712128935246414,0.0008126867921250256,9.125821348534444e-19,0.0011250133563085,92.08080257100175,98.47217526136092,0.0016420879958247484,5.74730798538662,134.8170742258709,8.414731688153433
282,-0.006236269111463206,-0.0008355042889611893,-1.3158567118383131e-19,0.0003470205075606,-140.98392004935607,-14.198751849091318,0.0017677231638523667,6.187031073483284,141.69710747420112,6.218329059503172
283,-0.0027041652167368313,-0.0004570080657937403,-1.3639399491358453e-18,0.0007195681481606,-29.356509161944444,-147.1759402115034,0.0008155688024637626,2.854490808623169,150.07518784701003,14.592615285029042
284,0.010203020631980052,0.0016448597616133178,1.287800419934935e-18,0.0010147017420913,59.045593378672265,138.96010431307914,0.003033387769801418,10.616857194304963,150.98441207005888,27.148172281607028
285,0.02327403790983882,0.003657230339038181,4.811128177540714e-19,0.0012948891979149,142.9466789825704,51.91447859975307,0.006868470372796785,24.03964630478875,152.08177445187263,25.575914692452937
286,-0.029537308553910648,-0.004214448209943766,-2.4397445010093263e-20,0.0003099201488245,-152.10267440699934,-2.6326063038141134,0.008497180678711077,29.74013237548877,152.12545539032098,29.744586665738893
287,-0.008547366686230509,-0.001463781246882766,-8.123673510518398e-19,0.0004395063545898,-113.26826447842143,-87.65849901524878,0.0025887057027152638,9.060469959503424,143.22608766408445,11.456833656569911
288,0.0034270225287391072,0.0005207566826864593,1.2244195100565601e-18,0.0009809040323265,48.92340492012693,132.1209872326531,0.0010020160022244978,3.5070560077857422,140.88809323824916,10.099510339138462
289,0.015462110545218654,0.002056100541796661,3.282156370121887e-19,0.0013157867365323,149.20342562095396,35.41610831180022,0.004375591241116136,15.314569343906475,153.3491537145892,15.740096037457413
290,-0.0006859468285979632,-9.507510718840834e-05,-1.4774369989004642e-18,0.00080055729776,-5.095027195951104,-159.42283936635457,0.0001959582231549876,0.6858537810424566,159.50423509662048,21.471246084856407
291,0.0018875897271173133,0.00029404034890249833,-1.426465558674102e-18,0.000858478512405,12.254912089042705,-153.92276610872898,0.0005556873432043738,1.9449057012153084,154.40984682614206,24.505487206592043
292,-0.012041843645846385,-0.0019123460851079317,7.531401415086521e-19,0.0003684907827281,-134.5495962221621,81.2675869694911,0.0035644568619052747,12.475599016668461,157.1878320207727,14.5746432367784
293,-0.01891589304614282,-0.0030342324498889846,-7.0617317795484635e-19,0.0003960812675476,-126.28133900823941,-76.19961676721769,0.005615492288082979,19.654223008290426,147.49019688502938,22.955135286662525
294,-0.004199776898916043,-0.000540427763425801,1.133509013159988e-19,0.0004176542299008,-119.81655897872555,12.23112900650285,0.0011801145658737672,4.130400980558186,120.43923082731861,4.1518661639678625
295,-0.0010192954368420345,-0.0001520766924608133,-1.1141754541137381e-19,0.0005926017275708,-67.3951115464395,-12.022510237614291,0.0002965771142412223,1.038019899844278,68.45905208787632,1.0544067182487777
296,-0.008603004827123176,-0.0013111993566658885,-1.228768154404549e-18,0.0005420889329434,-82.52987489931328,-132.59022770102285,0.002517444705577392,8.81105646952087,156.17729903127852,16.673804518674878
297,0.007230353306780835,0.0010809724398941184,1.1293779422067128e-18,0.0010445582318758,67.98712788709628,121.86552685381534,0.002104903095361078,7.367160833763773,139.54732599979968,15.121503533278586
298,0.005909948591598178,0.0007954307723259198,2.871907713458515e-20,0.0012389273131638,126.19098282235115,3.0989320182074103,0.001676950854447053,5.869327990564686,126.22902806139479,5.871097530522552
299,0.010706595413006063,0.0015247852329419134,9.495485586628769e-19,0.0012152117926238,119.08997275215643,102.46103722251773,0.0030786174678284345,10.77516113739952,157.10087765134708,14.214356023433549
300,-0.0005378983555229022,-6.696586416092586e-05,9.770097276574895e-19,0.0007584051011526,-17.722087598723277,105.4242346628814,0.00015012904686577226,0.5254516640302029,106.9034220364863,3.1696367985248837
301,-0.005167101643334716,-0.0006299833464513929,1.3942141076991334e-18,0.0006788344997985,-41.55961133665201,150.44267329127499,0.0014362717097767604,5.0269509842186615,156.07754239953576,18.878765468334187
302,-0.010431806934958512,-0.0013365179089595731,6.201998206675412e-19,0.0003936658040109,-127.00519081632885,66.92266164913103,0.002928607727010208,10.250127044535727,143.55821514805822,11.586061436515735
303,-0.010505012572414475,-0.0018854428295098549,1.2401760397606164e-18,0.0006292011378525,-56.42958732348029,133.8211955703693,0.003231253143260891,11.309386001413118,145.23226469824573,29.106853677953932
304,-0.003340655204394767,-0.0005046054162398345,6.432201082955919e-19,0.0004843130176561,-99.84176951577257,69.40666578563584,0.0009751934903011736,3.4131772160541076,121.59631653763039,4.1568752154055
305,0.00028165636748531136,3.611223778240277e-05,-4.175500552238951e-19,0.0009201599688568,30.730102577576133,-45.0557387089344,7.908385587545993e-05,0.27679349556410976,54.53768234015927,0.4912341472596669
306,0.029656501924244343,0.004016519812714542,-1.7482797444611198e-19,0.0013108760985576,147.7331868388921,-18.864812582607712,0.008426932813988822,29.494264848960878,148.93278902696986,29.733760018635536
307,0.016005782532753865,0.0026092918534436813,-1.0075315165273244e-18,0.0011947600600883,112.96608567454149,-108.71768829088093,0.004774326670778998,16.710143347726493,156.7828825476206,23.191601498775576
308,0.004580957085572069,0.0007513831434862586,5.195449955079652e-19,0.0012038657739235,115.69263609814402,56.06150274028698,0.0013689551496186632,4.791343023665322,128.56001764482136,5.324238123006061
309,0.007843111828633322,0.0013147995429393575,-5.162665956796828e-19,0.0012417654571295,127.04078162571187,-55.70774700681617,0.0023594827367525387,8.258189578633885,138.71810722702082,9.017265265614128
310,0.010953176821350065,0.001531042792242937,3.3797622093494885e-19,0.0013203628360562,150.57349750783663,36.46932411998566,0.0031353271339936415,10.973644968977744,154.9270465525986,11.290927242173023
311,0.0038126493474872317,0.0006339571674350727,8.979224115405298e-20,0.0012068149862189,116.57572199929007,9.689031781728087,0.0011440968343125687,4.004338920093991,116.9776743508055,4.018145855342536
312,0.00785247159303087,0.001116945993367273,-7.108911998285784e-19,0.0012153424861345,119.129106065352,-76.70871491750275,0.0022572541290708822,7.9003894517480875,141.6896991888422,9.396560100759967
313,-0.004768972633824628,-0.0006731911760327624,5.817019434858087e-19,0.0004442900566095,-111.83478042559432,62.76854821183619,0.0013683354191315342,4.7891739669603695,128.24550189953055,5.4919410288969095
314,0.005278704131297631,0.0007687875591040465,9.090931720924054e-19,0.0011292718986501,93.35604244975337,98.095698734631,0.0015263602273932525,5.342260795876384,135.41830294356683,7.749256201053108
315,-0.0022320958881430447,-0.0003651353342483716,1.0971792464131384e-18,0.0006206147538718,-59.00211188677903,118.39112658420969,0.0006664932693727926,2.3327264428047743,132.27890255433158,5.229821169889829
316,0.003063194135568718,0.00046592883556264403,3.009836811973305e-19,0.0011781914134922,108.0048237867149,32.47764411959795,0.0008958755444245268,3.135564405485844,112.78226513401205,3.2742616831876563
317,-0.008835018650513535,-0.0011334386013875512,-5.695964645341841e-19,0.0003867148629523,-129.08821742769373,-61.46230650556113,0.0024810131980693094,8.683546193242583,142.97336465105334,9.617576577398701
318,0.005418111797539178,0.000737955472531225,1.0185771321049822e-18,0.0011154525161969,89.21774569690558,109.9095654397881,0.0015415481205042197,5.395418421764769,141.56241988042157,8.560948072451879
319,0.022286201548775014,0.0032378846857707105,-3.245760776631092e-19,0.0013145045385687,148.81953787409594,-35.0233816602378,0.006440193956283695,22.540678846992932,152.88522530309513,23.15648075001227
320,0.001432597241995876,0.00021861523363848992,-2.1889959544831526e-19,0.0010562578843915,71.4909112043602,-23.620360846850456,0.00041935313761689696,1.4677359816591393,75.29191079634745,1.545771969359505
321,0.00035391251113162044,4.932223745329173e-05,-1.9146846996416427e-19,0.0009426924044348,37.47886499525015,-20.660405251483144,0.00010123467690947007,0.3543213691831453,42.796234255921384,0.4045912361370185
322,-0.012433348392862387,-0.0017907990851751055,5.504739113485206e-19,0.0003732726011647,-133.11657479788656,59.39888740406211,0.003585131384793879,12.547959846778577,145.76779586301555,13.740501152615108
323,0.00465592348991965,0.0006824025973519223,-3.5481634077437966e-21,0.0012405598601479,126.67980133459417,-0.38286457251259437,0.0013484597471894973,4.719609115163241,126.68037989938748,4.71963067029392
324,-0.015719045119762992,-0.0029603189147646954,8.831319993909055e-19,0.0004281872124827,-116.66018570064864,95.29435839427565,0.004917484222928676,17.211194780250366,150.6340388806145,22.223449826855948
325,0.010085732577704863,0.001699125765313762,6.452358338487526e-19,0.0012277223698491,122.83596825038103,69.62417265144964,0.0030388186428640072,10.635865250024025,141.19561081495232,12.225551781882174
326,-0.004544653202657819,-0.0006415882241298196,4.443638931819223e-19,0.0004668750405447,-105.06705723898543,47.94908589379532,0.001304003225789946,4.564011290264811,115.49113106602948,5.016822969657027
327,-0.011288118252760068,-0.0016614906459791743,1.2000496096533894e-18,0.0005512867037542,-79.77396002855545,129.49135312964899,0.0032728552581326033,11.454993403464112,152.0917329573998,21.839329489532776
328,0.006975247032390058,0.0011108571596841303,-1.1668551176423824e-18,0.001072162089859,76.25379794817911,-125.90950146920126,0.002066394871361634,7.232382049765719,147.20001447603366,13.961360234741486
329,-0.005045952142262884,-0.0007079887319928745,-1.0789042231292445e-18,0.0005356551429114,-84.45763725024472,-116.41916019676113,0.001445696474063805,5.059937659223317,143.8280687168296,8.616876875176098
330,0.009985673906669608,0.0014033608496292103,3.096616626823725e-19,0.0013109002166453,147.74040778142233,33.414041711741405,0.002862078654967015,10.017275292384554,151.47186628194345,10.27028019201316
331,0.006691783551413458,0.0009601289763626375,5.794438956450774e-19,0.0012393794974658,126.32637628453801,62.524893559582075,0.001927716284639327,6.747006996237644,140.9528845388407,7.528198988162031
332,0.015332929256460667,0.0022238940119494004,-4.780603033555663e-19,0.0012953282069241,143.07812012148503,-51.58509703358237,0.004428963781084019,15.501373233794066,152.09329601748462,16.478095643995825
333,-0.025326739556926672,-0.0038975012229952397,4.686534926435448e-19,0.0003321357018317,-145.44475722863376,50.5700551237017,0.007430761110443779,26.007663886553228,153.98541450575908,27.534859146569044
334,0.014824720442151626,0.002385612758196954,-3.285649039540914e-20,0.0013324508256409,154.19257887620716,-3.5453795961166232,0.004405088753517505,15.417810637311268,154.2333332875093,15.421885695920903
335,0.0198534658657997,0.003357948495885773,5.473489902745887e-19,0.0012796822829164,138.3936291775433,59.061692795579496,0.005989254252302786,20.96238988305975,150.46953230741022,22.791518803969705
336,-0.02353441606976576,-0.0035005607656654917,-2.493751594769756e-19,0.0003148074461867,-150.63795718538506,-26.90882658336305,0.006842148390442928,23.94751936655025,153.02247904500635,24.326596356707306
337,0.02262941077486947,0.0034872877960740335,8.596118189760757e-19,0.0012239031958711,121.69241219993489,92.75641332661344,0.006641934348705013,23.246770220467546,153.01240276610395,29.229794230236767
338,0.02321419674309498,0.003224535967950126,-3.1261274243237662e-21,0.0013303777178577,153.5719042734408,-0.3373247797216559,0.0066351031816504254,23.22286113577649,153.57227474442735,23.22291715771824
339,0.01063717346722797,0.0016738715601431018,-1.2528027212563873e-18,0.0010554192385994,71.23975697927148,-135.18367763717043,0.003140430339452251,10.991506188082878,152.8061833630304,23.57630319402658
340,0.01163441929235277,0.002016826758637191,-8.579323142871e-19,0.0012230968415978,121.45096903744451,-92.5751863731495,0.0035375066106934964,12.381273137427238,152.7105203060931,15.568016277296481
341,-0.0010241546941191482,-0.00014074155774619038,-1.3411391255868379e-18,0.0007619846677271,-16.649776322021154,-144.71561734644774,0.0002919905040071069,1.0219667640248742,145.67026105398736,8.941271187355532
342,-0.0010670724571738863,-0.00014713666925945468,1.4150931681635376e-18,0.0007961310568069,-6.420921485930364,152.69562831068654,0.0003044665203438525,1.0656328212034838,152.83057003729266,25.364158691527575
343,0.009724464441468142,0.001086022058780121,1.2552437668980359e-18,0.0010663304536959,74.5073867490247,135.44707866713256,0.0026608748201559927,9.313061870545974,154.58739211083528,19.32267403209394
344,-0.007635132644453091,-0.0012030488427336114,-1.0080461595645183e-18,0.0004814178118286,-100.70931127902077,-108.77322084780934,0.002254975458341664,7.892414104195824,148.2362268539678,11.617016070476726
345,-0.018485834892441426,-0.002435803503567166,-3.2590830674943244e-19,0.0003314593456769,-145.64745642540004,-35.1671358397975,0.005220788904476089,18.272761165666314,149.83293698771166,18.79786670856903
346,-0.02829079230327922,-0.0036662065564683887,1.3385071679782526e-19,0.0003103680527825,-151.96843782410258,14.443161596069334,0.007961381773531898,27.864836207361645,152.65323780250554,27.990400696318815
347,-0.008956274824560967,-0.0016321535759377286,-1.2790360685477002e-18,0.0006408932626864,-52.926602453729316,-138.01438697663957,0.0027693470667373202,9.69271473358062,147.81473627427246,27.070055618599827
348,-0.00810417950186757,-0.0012906717628850053,-1.3694551742640988e-18,0.0006442518021485,-51.92038463651616,-147.77106057896756,0.002400850535816693,8.402976875358426,156.62698581482275,25.349059893778165
349,0.005488596794490474,0.000893636842110059,6.329798842043592e-19,0.0012056783611076,116.23538139325575,68.30169440507136,0.0016365662965890134,5.727982038061547,134.8176002836402,6.6436981888206645
350,0.0215326179394264,0.003388325314602748,5.994032850089611e-19,0.0012726563090859,136.28998324739956,64.67861146889194,0.006357078754864649,22.249775642026272,150.8584843988575,24.62813004736901
351,0.018493733589741573,0.0026103331931807724,-1.0551115785268004e-18,0.0011711329289745,105.89122903958508,-113.8518148809344,0.005306181651532851,18.57163578036498,155.48372306835344,27.269369718252417
352,-0.014762395936541158,-0.0020045172810084057,-3.0776934401363747e-19,0.0003360016918692,-144.28614975650504,-33.20985106579155,0.004197223321169831,14.690281624094409,148.0587289536441,15.07438121333911
353,-0.0006301471868948046,-9.207656622736963e-05,7.425222366958533e-19,0.000699333877401,-35.41828734311534,80.12186195066604,0.00018236223225355093,0.6382678128874283,87.60118629768134,1.5786482571251055
354,0.0067361351136564695,0.0010901535729871184,1.1117885330169671e-18,0.0010869098801611,80.67030133160512,119.96754165519583,0.002004953649760983,7.017337774163441,144.56800672252183,12.575663134556947
355,0.011992348753296554,0.001547190845661629,-1.2422508207974177e-18,0.0010615574981038,73.07801305170267,-134.04507481814534,0.0033716251662307467,11.800688081807614,152.67114355564055,24.653441835074773
356,-0.0011621715354500723,-0.00017635539026950167,-1.0270395056377683e-19,0.0005977656743605,-65.84792065623196,-11.082269785584337,0.00033967704749546875,1.1888696662341407,66.77398713833026,1.2055895920649138
357,0.014483757971886623,0.0020015847812811364,-1.037779369753903e-18,0.0011528137332861,100.40565383419448,-111.9815828932949,0.004134783861627353,14.471743515695737,150.40335843710395,21.67805042926528
358,-0.010786664368428116,-0.0015276786844695038,7.665691712887146e-19,0.000360994089031,-136.79622871140373,82.71664642790874,0.0030974349785331708,10.841022424866098,159.86010066912365,12.668821008592976
359,0.00387481878013035,0.0006119027726736158,-1.086448200754501e-18,0.001063081087999,73.53428858610454,-117.23319310241442,0.001145121451542525,4.007925080398837,138.38682438314888,7.542658464595256
360,0.004752404959691186,0.0006371318537270711,8.343589724148432e-20,0.001220669174804,120.72406212261978,9.003150491842366,0.0013473118190989368,4.7155913668462786,121.05930734216565,4.728686349199186
361,0.012538126224527164,0.0016873963088665164,2.0637665656367857e-19,0.0013186929101576,150.07352691364252,22.269073126503734,0.0035576364755660833,12.451727664481291,151.71675945067295,12.588068060161412
362,0.000700146849264889,9.738506245543224e-05,1.387930367535555e-18,0.0008429616914022,7.6070435792114495,149.76462630892405,0.00020018086616926465,0.7006330315924263,149.95769538595772,13.811583124881782
363,-0.002419011816191215,-0.0002588523691610675,-9.824815504286478e-19,0.0006073314438905,-62.9819030514941,-106.01467169900324,0.000657375026842077,2.3008125939472697,123.31192451436009,4.5047484302680845
364,-0.0009644675373033374,-0.00015163235963833164,6.606295410278462e-19,0.0006541942537032,-48.94164776645192,71.28523062460974,0.0002846684613444455,0.9963396147055593,86.46889030916985,1.7603081380866483
365,-0.001160566804887357,-0.00020541462063116263,-6.4763519531302255e-19,0.0006124066580932,-61.4613200328815,-69.88307575025169,0.00035530529652664963,1.2435685378432737,93.06523591814344,1.883021700361274
366,-0.027073647453933262,-0.003951038725023532,7.388883215136283e-20,0.0003124334491162,-151.34944039675622,7.972974433292806,0.007832519223822476,27.413817283378666,151.55930004366346,27.45182901305793
367,-0.0007770691897631377,-0.00011778368838611216,1.3256253625533147e-18,0.0007718280102448,-13.701079582160048,143.04160474631541,0.00022705071085990153,0.7946774880096553,143.6962778575625,8.334540095137687
368,-0.014955151958707849,-0.0019929830715379785,1.0389778383419003e-18,0.0004793233259745,-101.3369207115513,112.11090364628275,0.004234148559850878,14.819519959478074,151.1225536301095,22.100175179226834
369,-0.018045713226247304,-0.001844785162142561,-2.5595380683396345e-19,0.0003201895993312,-149.02494055783902,-27.618695526418826,0.004870672717663153,17.047354511821037,151.5626116522425,17.337645376013043
370,-0.02144959673168744,-0.0029372334107287458,-3.4461510723956383e-19,0.0002884655997623,-158.53266202357153,-37.18569314668513,0.00611034972756329,21.386224046471515,162.8354405621804,21.96667342942174
371,-0.012787534348857299,-0.001738400432809671,9.091702859791484e-19,0.0004090909865321,-122.38269354841611,98.10401970858,0.0036367084187141022,12.728479465499358,156.84999956374557,16.313270616330186
372,0.010279541217704415,0.0014847053306123305,-8.385820125879803e-19,0.0012087169218875,117.14521931812419,-90.48719206830602,0.002966147088411062,10.381514809438718,148.02342496205767,13.117969195262669
373,-0.006952284291343672,-0.0010171950430592957,9.61145516668834e-19,0.0004808746143962,-100.87207941949188,103.71240697615053,0.002012638486004608,7.044234701016127,144.67701879427486,10.103280135546221
374,-0.005499289972300085,-0.0007388928889412284,1.2921300842859259e-18,0.0006252066164409,-57.62636362249157,139.42729674487282,0.0015598258817269342,5.45939058604427,150.8667254961625,14.29277034235087
375,0.008103065809970392,0.0012572218158749316,1.2819671013266408e-18,0.0010509273429895,69.89453879321331,138.33066006865116,0.0023827987931958213,8.339795776185374,154.98586409135746,18.492867640798405
376,-0.018130009452358795,-0.0030052749344543868,4.2991892990476513e-19,0.0003144019303946,-150.7594895147747,46.39040213137368,0.0054352721499379905,19.023452524782968,157.7355162563778,19.903716274399187
377,-0.0065889051036736816,-0.0007411380077225821,1.3622088293002343e-18,0.0006566894919024,-48.19408447885195,146.98914372564178,0.001805068391822437,6.31773937137853,154.68832584248915,20.278018288667052
378,0.00122239986043767,0.00014802693434827344,-1.3696043028314703e-18,0.000849462069062,9.55415870953533,-147.7871522970298,0.00033934196229253467,1.1876968680238713,148.09565939862136,18.41007211447372
379,0.014318486474053748,0.002211783152900424,1.010839760491469e-18,0.0011892419456049,111.31376848151945,109.07466435583194,0.00420535940509421,14.718757917829734,155.84619808610896,20.607176392778484
380,-0.0001666754203074181,-2.5227450656425687e-05,-2.813549128764092e-20,0.0006979707150578,-35.826667617460885,-3.035960187392894,4.868185087856889e-05,0.1703864780749911,35.9550715036343,0.17099714848871295
381,-0.013967866025688645,-0.002075380863872183,-1.0441660217169417e-18,0.000475950649349,-102.34754078706032,-112.67073457336659,0.004059729764933405,14.209054177266916,152.2160094551851,21.13236437694206
382,0.012717781553671016,0.001846440889157112,1.074920037082106e-18,0.0011622015654877,103.21679743854747,115.98924660134463,0.003674499057429801,12.860746701004302,155.26497544719373,19.345916268646743
383,0.010606454050430638,0.0014428703154641925,5.847034055630557e-19,0.0012517650020411,130.034832241434,63.09242097728152,0.003016887491131636,10.559106218960727,144.53273394228864,11.736366814238343
384,0.00044023664298287164,7.467021312287552e-05,1.1692139605313597e-18,0.000861786848864,13.245873316700283,126.16403241113636,0.00013292539124161212,0.46523886934564246,126.85746424298547,4.455653607833555
385,0.025313685556511964,0.0030880326023649146,2.6257960443164687e-19,0.0013069285565912,146.55129253877254,28.333652216196853,0.007037072580603874,24.62975403211356,149.26512383237178,25.08584688594027
386,-0.020224096326532177,-0.003192319904823372,-9.126221327541403e-19,0.0004095977083538,-122.23084435203735,-98.47649123483549,0.005976046609560115,20.9161631334604,156.9649599016819,26.85987096747014
387,0.0016928262249857862,0.0002465849153040704,1.3221191421898107e-18,0.0008979391088035,24.074512084746004,142.6632660379915,0.0004895095323427149,1.7132833631995021,144.6803013846229,10.296298112808858
388,-0.02385182780599062,-0.0035531293859698996,-3.4338512671814625e-19,0.0003209820854437,-148.7874353634674,-37.052972098521565,0.006937171137254838,24.280098980391934,153.33174382159686,25.021668716379917
389,0.0005308042154798434,7.109213709429569e-05,-2.618549489363774e-19,0.0009944182980721,52.970878385485776,-28.2554582649798,0.00015045036777216415,0.5265762872025745,60.035696703660726,0.5968066838494355
390,-0.016276346049357474,-0.0023479943120050346,1.0014062297000227e-18,0.00044233313114,-112.42119184396813,108.05673921578095,0.004695091858140718,16.432821503492516,155.93198281804018,22.79287737752266
391,0.007604293131919658,0.0011338564008709338,-3.869229641738727e-19,0.0012717718590145,136.0251691154,-41.750922449181736,0.002212214251637,7.7427498807295,142.28839080624516,8.099261541881212
392,0.008206205310854914,0.0009516528513964726,-1.3241404037128208e-18,0.0009778119394918,47.997326659257624,-142.88137026263192,0.002260028855430547,7.910100994006915,150.727666121926,24.840363924423414
393,-0.025961161712909946,-0.0038455635654151736,5.65492962027671e-19,0.0003598580969985,-137.13666780771234,61.01951806759583,0.00753952362694774,26.38833269431709,150.0994578358113,28.88267954827218
394,0.010996527350943667,0.001614965816602233,1.2817149178754815e-18,0.0010084156706613,57.16298287094969,138.30344821335382,0.0031864829769743985,11.152690419410394,149.65109554696994,29.19743259950061
395,-0.023381755058987572,-0.0031871306112860264,5.948074989455974e-19,0.0003778427548999,-131.74699172675395,64.18270317372468,0.006653716946474219,23.288009312659767,146.54927231390752,25.904506612857578
396,0.029797205730241187,0.003970764678831792,-2.290393500096062e-19,0.0013258919040608,152.2288772191419,-24.714491062786553,0.008436215436221538,29.526754026775386,154.22203839883954,29.913353343302756
397,0.003969918400917725,0.0005716261106030612,-1.3863256583772516e-19,0.0012049601738812,116.02033379280232,-14.959147016719733,0.001144633764524611,4.006218175836139,116.98074171786185,4.039381359907492
398,0.000785363075685686,0.00011665480188602763,1.2066828225178642e-18,0.0008778603699868,18.06040228919494,130.20710996379012,0.0002282454418216488,0.7988590463757708,131.45367859428694,5.814541594527249
399,0.014716709843429323,0.0021688047848061136,-1.0819090442292108e-18,0.0011838676065596,109.70449392712322,-116.74339541755297,0.004268286506973494,14.939002774407228,160.20017590947066,21.81524919081194
